,Messstelle,LQI<sub>BW</sub>,NO<sub>2</sub> [µg/m<sup>3</sup>],O<sub>3</sub> [µg/m<sup>3</sup>],PM<sub>10</sub> [µg/m<sup>3</sup>],"PM<sub>2,5</sub> [µg/m<sup>3</sup>]",Kategorie,Reg.-Bez.,extra_0,extra_1,extra_2,extra_3
0,Aalen,3,3,4,8.0,,35.0,35,9.0,9,städt. Hgr.,S
1,Baden-Baden,2,2,4,13.0,51.0,19.0,19,10.0,10,städt. Hgr.,KA
2,Bernhausen,2,2,4,19.0,,23.0,23,9.0,9,städt. Hgr.,S
3,Biberach,2,2,3,,35.0,21.0,21,10.0,10,städt. Hgr.,TÜ
4,Eggenstein,2,2,4,10.0,70.0,23.0,23,11.0,11,städt. Hgr.,KA
5,Freiburg,3,3,4,11.0,71.0,27.0,27,12.0,12,städt. Hgr.,FR
6,Freiburg Schwarzwaldstraße,2,2,3,15.0,,24.0,24,12.0,12,Verkehr,FR
7,Friedrichshafen,2,2,3,19.0,39.0,17.0,17,9.0,9,städt. Hgr.,TÜ
8,Gärtringen,2,2,4,4.0,51.0,18.0,18,8.0,8,städt. Hgr.,S
9,Heidelberg,3,3,4,3.0,83.0,23.0,23,9.0,9,städt. Hgr.,KA
10,Heilbronn,3,3,4,44.0,16.0,26.0,26,10.0,10,städt. Hgr.,S
11,Heilbronn Weinsberger Straße-Ost,1,3,3,20.0,,,,,,Verkehr,S
12,Karlsruhe Reinhold-Frank-Straße,2,3,3,12.0,,26.0,27,12.0,12,Verkehr,KA
13,Karlsruhe-Nordwest,3,3,4,12.0,60.0,28.0,28,12.0,13,städt. Hgr.,KA
14,Kehl,3,3,3,37.0,21.0,33.0,33,14.0,14,städt. Hgr.,FR
15,Konstanz,2,2,3,13.0,36.0,21.0,21,10.0,10,städt. Hgr.,
16,Ludwigsburg,2,3,4,10.0,,22.0,22,9.0,9,städt. Hgr.,S
17,Ludwigsburg Schlossstraße,3,3,4,29.0,,32.0,32,12.0,12,Spot (kontinuierlich),S
18,Mannheim Friedrichsring,3,3,3,43.0,,37.0,37,14.0,14,Verkehr,KA
19,Mannheim-Nord,3,3,4,26.0,32.0,31.0,31,12.0,12,städt. Hgr.,KA
20,Neuenburg,3,3,4,,,27.0,27,12.0,12,städt. Hgr.,FR
21,Pforzheim,2,2,4,19.0,,22.0,22,11.0,11,städt. Hgr.,KA
22,Pforzheim Luisenstraße,3,3,4,28.0,,30.0,30,13.0,13,Spot (kontinuierlich),KA
23,Reutlingen,2,3,4,40.0,22.0,18.0,18,8.0,8,städt. Hgr.,TÜ
24,Reutlingen Lederstraße-Ost,3,3,3,51.0,,20.0,20,9.0,9,Verkehr,TÜ
25,Schramberg Oberndorfer Straße,1,1,3,15.0,,,,,,Verkehr,FR
26,Schwarzwald-Süd,3,4,4,2.0,115.0,16.0,16,8.0,8,ländl. Hgr.,FR
27,Schwäbisch Hall,2,3,4,27.0,,19.0,19,8.0,8,städt. Hgr.,S
28,Schwäbische Alb,2,3,4,8.0,77.0,14.0,14,6.0,6,ländl. Hgr.,TÜ
29,Stuttgart Hauptstätter Straße,2,3,3,24.0,,24.0,24,11.0,11,Spot (kontinuierlich),S
30,Stuttgart Hohenheimer Straße,2,2,4,21.0,,,,,,Spot (kontinuierlich),S
31,Stuttgart-Bad Cannstatt,3,3,4,45.0,11.0,22.0,22,9.0,9,städt. Hgr.,S
32,Tauberbischofsheim,2,2,4,5.0,,26.0,26,8.0,8,städt. Hgr.,S
33,Tübingen Mühlstraße,3,3,3,32.0,,28.0,28,11.0,11,Spot (kontinuierlich),TÜ
34,Ulm,3,3,3,10.0,38.0,27.0,27,10.0,10,städt. Hgr.,TÜ
35,Villingen-Schwenningen,2,2,4,14.0,24.0,23.0,23,11.0,11,städt. Hgr.,FR
36,Weil am Rhein,2,2,4,13.0,61.0,17.0,17,8.0,8,städt. Hgr.,FR
37,Wiesloch,2,3,4,9.0,,20.0,20,8.0,8,städt. Hgr.,KA
